Title,Price,Date
Bigmuscles Nutrition Premium Gold Whey 1Kg Whey Protein Isolate Blend | USA FDA REGD. BRAND | 25g Protein Per Serving [Belgian Chocolate],"₹1,699.00",2022-06-03
Bigmuscles Nutrition Premium Gold Whey 1Kg Whey Protein Isolate Blend | USA FDA REGD. BRAND | 25g Protein Per Serving [Belgian Chocolate],"₹1,699.00",2022-06-03
Bigmuscles Nutrition Premium Gold Whey 1Kg Whey Protein Isolate Blend | USA FDA REGD. BRAND | 25g Protein Per Serving [Belgian Chocolate],"₹1,699.00",2022-06-03
Bigmuscles Nutrition Premium Gold Whey 1Kg Whey Protein Isolate Blend | USA FDA REGD. BRAND | 25g Protein Per Serving [Belgian Chocolate],"₹1,699.00",2022-06-03
Bigmuscles Nutrition Premium Gold Whey 1Kg Whey Protein Isolate Blend | USA FDA REGD. BRAND | 25g Protein Per Serving [Belgian Chocolate],"₹1,699.00",2022-06-03
Bigmuscles Nutrition Premium Gold Whey 1Kg Whey Protein Isolate Blend | USA FDA REGD. BRAND | 25g Protein Per Serving [Belgian Chocolate],"₹1,699.00",2022-06-03
Bigmuscles Nutrition Premium Gold Whey 1Kg Whey Protein Isolate Blend | USA FDA REGD. BRAND | 25g Protein Per Serving [Belgian Chocolate],"₹1,699.00",2022-06-03
Bigmuscles Nutrition Premium Gold Whey 1Kg Whey Protein Isolate Blend | USA FDA REGD. BRAND | 25g Protein Per Serving [Belgian Chocolate],"₹1,699.00",2022-06-03
Bigmuscles Nutrition Premium Gold Whey 1Kg Whey Protein Isolate Blend | USA FDA REGD. BRAND | 25g Protein Per Serving [Belgian Chocolate],"₹1,699.00",2022-06-03
Bigmuscles Nutrition Premium Gold Whey 1Kg Whey Protein Isolate Blend | USA FDA REGD. BRAND | 25g Protein Per Serving [Belgian Chocolate],"₹1,699.00",2022-06-03
Bigmuscles Nutrition Premium Gold Whey 1Kg Whey Protein Isolate Blend | USA FDA REGD. BRAND | 25g Protein Per Serving [Belgian Chocolate],"₹1,699.00",2022-06-03
Bigmuscles Nutrition Premium Gold Whey 1Kg Whey Protein Isolate Blend | USA FDA REGD. BRAND | 25g Protein Per Serving [Belgian Chocolate],"₹1,699.00",2022-06-03
Bigmuscles Nutrition Premium Gold Whey 1Kg Whey Protein Isolate Blend | USA FDA REGD. BRAND | 25g Protein Per Serving [Belgian Chocolate],"₹1,699.00",2022-06-03
Bigmuscles Nutrition Premium Gold Whey 1Kg Whey Protein Isolate Blend | USA FDA REGD. BRAND | 25g Protein Per Serving [Belgian Chocolate],"₹1,699.00",2022-06-03
Bigmuscles Nutrition Premium Gold Whey 1Kg Whey Protein Isolate Blend | USA FDA REGD. BRAND | 25g Protein Per Serving [Belgian Chocolate],"₹1,699.00",2022-06-03
Bigmuscles Nutrition Premium Gold Whey 1Kg Whey Protein Isolate Blend | USA FDA REGD. BRAND | 25g Protein Per Serving [Belgian Chocolate],"₹1,699.00",2022-06-03
